{
  "location_lat": {
    "seed": 101,
    "metrics": {
      "r2": 0.7308260974474869,
      "adj_r2": 0.7308201243887147,
      "mape": 0.022281397755963418
    }
  },
  "location_long": {
    "seed": 101,
    "metrics": {
      "r2": 0.6770322306561294,
      "adj_r2": 0.6770250638934918,
      "mape": 0.5880424608666578
    }
  }
}