{
  "location_lat": {
    "metrics": {
      "r2": -0.0577068473499911,
      "mape": 1.5609559243663183e-07
    },
    "seed": 101
  },
  "location_long": {
    "metrics": {
      "r2": -0.2425785822990867,
      "mape": 3.833419110503853e-06
    },
    "seed": 101
  }
}